id,LocationName,SupportName,VpnStatus,GameCount,PaymentCount,LicenseCount,StatusPoint,Type,CheckStatusLocation,CheckStatusWeb,CheckStatusCustomer,CheckStatusLiveChat,PerfectPoint,IconsLocation,ImageLocationPath
1,Pork,OPANA,false,1,1,1,false,1,false,false,false,true,false,false,JustoNecCondimentum.xls
2,Pain Reliever Added Strength,Pravastatin Sodium,false,2,2,2,false,2,true,true,false,true,false,false,Lorem.mp3
3,Galantamine Hydrobromide,TUMS,true,3,3,3,false,3,true,false,true,false,true,true,Ultrices.doc
4,wal itin d,LISINOPRIL AND HYDROCHLOROTHIAZIDE,false,4,4,4,false,4,false,false,true,true,false,false,AnteIpsum.ppt
5,Hydralazine Hydrochloride,Metformin Hydrochloride,true,5,5,5,true,5,true,false,true,true,false,true,Consequat.mp3
6,Diphenoxylate Hydrochloride and Atropine Sulfate,sunmark enema,false,6,6,6,true,6,true,true,true,true,false,true,Habitasse.xls
7,Dicyclomine Hydrochloride,Zep FS Antimicrobial Hand Cleaner,true,7,7,7,false,7,true,false,false,false,false,true,PotentiInEleifend.ppt
8,Allopurinol,Sorbitol-Mannitol,false,8,8,8,true,8,false,true,true,true,true,false,GravidaSemPraesent.gif
9,Neutrogena Mineral Sheers,SP1 Formula,true,9,9,9,true,9,true,true,false,true,true,true,SuspendissePotentiIn.mov
10,Triamcinolone Acetonide,Oxymorphone hydrochloride,true,10,10,10,false,10,false,false,false,false,false,true,Eros.gif
11,Alprazolam,CLARINS Ever Matte Broad Spectrum SPF 15 Tint 107,false,11,11,11,false,11,true,false,true,false,false,false,Id.xls
12,White Poplar,LOreal Paris Advanced Suncare Invisible Protect Sheer 30 Broad Spectrum SPF 30 Sunscreen,true,12,12,12,true,12,false,false,false,false,true,false,ProinEu.mp3
13,CitraNatal Harmony,Avelox,false,13,13,13,false,13,true,true,true,true,true,false,Feugiat.mp3
14,Anacard Orient Kit Refill,Atovaquone and Proguanil Hydrochloride,false,14,14,14,false,14,false,false,false,false,false,true,QuisOdio.tiff
15,FAGUS GRANDIFOLIA POLLEN,Megace ES,false,15,15,15,true,15,false,false,true,true,true,true,EnimInTempor.jpeg
16,Day Time Cold/Flu Relief,Toys-R-Us Babies-R-Us Hand Sanitizer,false,16,16,16,true,16,true,false,true,false,true,false,MetusVitae.jpeg
17,Salmon,Borago Lavender Varicose Relief,true,17,17,17,false,17,true,false,false,true,false,false,Ac.mp3
18,Dry Scalp Care,Super Restorative Foundation True Lift SPF 15 Tint 2.5,false,18,18,18,false,18,false,false,true,false,false,false,At.tiff
19,Omeprazole,DIPYRIDAMOLE,true,19,19,19,false,19,true,false,true,true,false,false,LiberoUtMassa.doc
20,Saline Nasal,Simvastatin,true,20,20,20,true,20,false,false,false,true,false,false,Amet.txt
21,Junel Fe 1.5/30,Triamcinolone Acetonide,true,21,21,21,false,21,false,true,false,false,false,false,NonInterdumIn.mpeg
22,Zohar Toothpaste,Eczema - Skin Care,false,22,22,22,false,22,false,false,true,true,true,false,Lorem.avi
23,Ketoconazole,Tall Ragweed,true,23,23,23,true,23,true,true,false,false,false,false,SuspendisseAccumsanTortor.mp3
24,Epl-Cell Repair,Softlips Pure Lip Gloss,true,24,24,24,false,24,true,false,false,true,true,true,Curabitur.pdf
25,Complexion Corrector SPF20,Antiseptic Mouth Rinse,false,25,25,25,false,25,true,false,true,true,false,true,Sed.tiff
26,Trazodone Hydrochloride,Nasal Decongestant Extra Moisturizing,false,26,26,26,true,26,false,true,false,true,true,false,QuisLibero.doc
27,Warfarin Sodium,Ropinirole,false,27,27,27,false,27,true,false,true,false,false,false,CursusId.avi
28,Quetiapine Fumarate,PRAX,true,28,28,28,true,28,true,false,true,false,true,true,UtMassa.ppt
29,Povidone-Iodine Prep,Iodine Bush,true,29,29,29,false,29,false,true,false,true,true,true,AcTellusSemper.jpeg
30,ARRID XX Roll On,Zolpidem Tartrate,true,30,30,30,true,30,true,false,true,true,true,true,InLacusCurabitur.avi
31,ARC FIRST AID Contains 303 PIECES HARDCASE,Pravastatin Sodium,false,31,31,31,false,31,false,true,true,false,false,false,Dui.xls
32,Risperidone,Medi First Plus Antacid,true,32,32,32,true,32,false,true,false,false,true,true,MetusArcu.mpeg
33,PENNSAID,Buspirone Hydrochloride,false,33,33,33,true,33,true,true,false,true,true,true,Imperdiet.pdf
34,Degree,Doxepin Hydrochloride,false,34,34,34,false,34,false,false,true,true,true,true,Maecenas.mpeg
35,GAMMAGARD,Golden Pear Antibacterial Foaming Hand Wash,true,35,35,35,true,35,false,false,true,false,true,false,SedInterdumVenenatis.ppt
36,CONGESTIVE HEADACHE,Chicken Feathers,true,36,36,36,false,36,false,false,true,false,false,true,Pellentesque.xls
37,Minivelle,BZK Cleansing,true,37,37,37,true,37,false,true,false,true,false,true,MetusSapien.mpeg
38,Bekunis Natures Gentle Laxative Instant Tea,Dicyclomine Hydrochloride,false,38,38,38,true,38,false,true,false,false,true,false,EstPhasellus.mp3
39,COLD SORES AND FEVER BLISTERS,Micro-Coated Aspirin,false,39,39,39,true,39,true,true,false,true,true,true,Et.gif
40,Cladosporium herbarum,Serostim,false,40,40,40,false,40,true,true,true,true,true,false,Mauris.pdf
41,Nitrogen,Allergy Composition,false,41,41,41,false,41,false,false,true,false,false,true,DonecPharetra.mp3
42,Hydrocodone Bitartrate And Acetaminophen,Fexofenadine Hydrochloride,true,42,42,42,true,42,true,true,false,true,false,false,DignissimVestibulum.mp3
43,Lovastatin,Lactulose,true,43,43,43,true,43,true,false,true,false,false,false,ProinLeoOdio.mp3
44,Depakote,Bacitracin,true,44,44,44,false,44,true,true,true,true,false,false,DuisBibendum.mp3
45,NBB Citrus,Divine Illumination Divine Flawless Foundation,true,45,45,45,false,45,true,false,false,true,true,true,AugueAliquam.mp3
46,Borba PMS Skin Rescue,Furosemide,true,46,46,46,false,46,false,true,true,true,true,true,IntegerANibh.ppt
47,Lovastatin,AMLODIPINE BESYLATE,true,47,47,47,false,47,true,false,true,false,true,false,Odio.gif
48,Baclofen,Duetact,false,48,48,48,false,48,false,true,false,false,true,false,SapienALibero.avi
49,Oxygen,Cefadroxil,true,49,49,49,false,49,true,false,false,true,false,false,JustoAliquamQuis.pdf
50,Inderal,ibuprofen,true,50,50,50,true,50,true,true,true,true,false,true,Enim.xls
